date,indicator_id,value
2015-01-31,pmi_manu,50.179
2015-02-28,pmi_manu,50.1841
2015-03-31,pmi_manu,50.1695
2015-04-30,pmi_manu,50.187
2015-05-31,pmi_manu,50.2045
2015-06-30,pmi_manu,50.2136
2015-07-31,pmi_manu,50.2286
2015-08-31,pmi_manu,50.2478
2015-09-30,pmi_manu,50.273
2015-10-31,pmi_manu,50.2793
2015-11-30,pmi_manu,50.312
2015-12-31,pmi_manu,50.3034
2016-01-31,pmi_manu,50.3336
2016-02-29,pmi_manu,50.3114
2016-03-31,pmi_manu,50.3122
2016-04-30,pmi_manu,50.336
2016-05-31,pmi_manu,50.3405
2016-06-30,pmi_manu,50.3486
2016-07-31,pmi_manu,50.3559
2016-08-31,pmi_manu,50.3578
2016-09-30,pmi_manu,50.3297
2016-10-31,pmi_manu,50.3085
2016-11-30,pmi_manu,50.2986
2016-12-31,pmi_manu,50.2932
2017-01-31,pmi_manu,50.2857
2017-02-28,pmi_manu,50.27
2017-03-31,pmi_manu,50.2513
2017-04-30,pmi_manu,50.256
2017-05-31,pmi_manu,50.2411
2017-06-30,pmi_manu,50.2286
2017-07-31,pmi_manu,50.2069
2017-08-31,pmi_manu,50.1823
2017-09-30,pmi_manu,50.1713
2017-10-31,pmi_manu,50.1681
2017-11-30,pmi_manu,50.1663
2017-12-31,pmi_manu,50.1538
2018-01-31,pmi_manu,50.119
2018-02-28,pmi_manu,50.1172
2018-03-31,pmi_manu,50.0849
2018-04-30,pmi_manu,50.0634
2018-05-31,pmi_manu,50.0528
2018-06-30,pmi_manu,50.0428
2018-07-31,pmi_manu,50.058
2018-08-31,pmi_manu,50.0666
2018-09-30,pmi_manu,50.0783
2018-10-31,pmi_manu,50.0734
2018-11-30,pmi_manu,50.0828
2018-12-31,pmi_manu,50.108
2019-01-31,pmi_manu,50.0999
2019-02-28,pmi_manu,50.1052
2019-03-31,pmi_manu,50.1122
2019-04-30,pmi_manu,50.1155
2019-05-31,pmi_manu,50.137
2019-06-30,pmi_manu,50.1649
2019-07-31,pmi_manu,50.1855
2019-08-31,pmi_manu,50.2037
2019-09-30,pmi_manu,50.2398
2019-10-31,pmi_manu,50.2428
2019-11-30,pmi_manu,50.2555
2019-12-31,pmi_manu,50.2858
2020-01-31,pmi_manu,50.3045
2020-02-29,pmi_manu,50.2919
2020-03-31,pmi_manu,50.3337
2020-04-30,pmi_manu,50.3503
2020-05-31,pmi_manu,50.3607
2020-06-30,pmi_manu,50.3486
2020-07-31,pmi_manu,50.3393
2020-08-31,pmi_manu,50.3549
2020-09-30,pmi_manu,50.3541
2020-10-31,pmi_manu,50.3483
2020-11-30,pmi_manu,50.3516
2020-12-31,pmi_manu,50.3216
2021-01-31,pmi_manu,50.3194
2021-02-28,pmi_manu,50.3048
2021-03-31,pmi_manu,50.3071
2021-04-30,pmi_manu,50.2898
2021-05-31,pmi_manu,50.266
2021-06-30,pmi_manu,50.2395
2021-07-31,pmi_manu,50.2326
2021-08-31,pmi_manu,50.195
2021-09-30,pmi_manu,50.2033
2021-10-31,pmi_manu,50.1858
2021-11-30,pmi_manu,50.1748
2021-12-31,pmi_manu,50.1353
2022-01-31,pmi_manu,50.1117
2022-02-28,pmi_manu,50.1446
2022-03-31,pmi_manu,50.1307
2022-04-30,pmi_manu,50.1235
2022-05-31,pmi_manu,50.0911
2022-06-30,pmi_manu,50.0575
2022-07-31,pmi_manu,50.0452
2022-08-31,pmi_manu,50.0596
2022-09-30,pmi_manu,50.0733
2022-10-31,pmi_manu,50.0608
2022-11-30,pmi_manu,50.0572
2022-12-31,pmi_manu,50.0641
2023-01-31,pmi_manu,50.0419
2023-02-28,pmi_manu,50.0589
2023-03-31,pmi_manu,50.0845
2023-04-30,pmi_manu,50.1105
2023-05-31,pmi_manu,50.1255
2023-06-30,pmi_manu,50.1326
2023-07-31,pmi_manu,50.1504
2023-08-31,pmi_manu,50.1607
2023-09-30,pmi_manu,50.1617
2023-10-31,pmi_manu,50.1745
2023-11-30,pmi_manu,50.1892
2023-12-31,pmi_manu,50.2405
2024-01-31,pmi_manu,50.2453
2024-02-29,pmi_manu,50.2601
2024-03-31,pmi_manu,50.2707
2024-04-30,pmi_manu,50.2718
2024-05-31,pmi_manu,50.2898
2024-06-30,pmi_manu,50.2827
2024-07-31,pmi_manu,50.2866
2024-08-31,pmi_manu,50.2981
2024-09-30,pmi_manu,50.3101
2024-10-31,pmi_manu,50.3286
2024-11-30,pmi_manu,50.3403
2024-12-31,pmi_manu,50.3129
2025-01-31,pmi_manu,50.3358
2025-02-28,pmi_manu,50.3232
2025-03-31,pmi_manu,50.3767
2025-04-30,pmi_manu,50.3801
2025-05-31,pmi_manu,50.3466
2025-06-30,pmi_manu,50.3229
2025-07-31,pmi_manu,50.3078
2025-08-31,pmi_manu,50.3148
2025-09-30,pmi_manu,50.2973
2025-10-31,pmi_manu,50.2651
2025-11-30,pmi_manu,50.2437
2025-12-31,pmi_manu,50.24
2026-01-31,pmi_manu,50.31
2026-02-28,pmi_manu,50.28
2026-03-31,pmi_manu,50.3
2026-04-30,pmi_manu,50.28
2026-05-31,pmi_manu,50.34
2026-06-30,pmi_manu,50.3
2015-01-31,manuf_invest_yoy,3.9951
2015-02-28,manuf_invest_yoy,4.0049
2015-03-31,manuf_invest_yoy,3.9996
2015-04-30,manuf_invest_yoy,4.0424
2015-05-31,manuf_invest_yoy,4.0446
2015-06-30,manuf_invest_yoy,4.0524
2015-07-31,manuf_invest_yoy,4.0565
2015-08-31,manuf_invest_yoy,4.0953
2015-09-30,manuf_invest_yoy,4.1008
2015-10-31,manuf_invest_yoy,4.1509
2015-11-30,manuf_invest_yoy,4.1839
2015-12-31,manuf_invest_yoy,4.224
2016-01-31,manuf_invest_yoy,4.2393
2016-02-29,manuf_invest_yoy,4.2451
2016-03-31,manuf_invest_yoy,4.238
2016-04-30,manuf_invest_yoy,4.2644
2016-05-31,manuf_invest_yoy,4.3029
2016-06-30,manuf_invest_yoy,4.3463
2016-07-31,manuf_invest_yoy,4.3345
2016-08-31,manuf_invest_yoy,4.2838
2016-09-30,manuf_invest_yoy,4.2422
2016-10-31,manuf_invest_yoy,4.2526
2016-11-30,manuf_invest_yoy,4.2393
2016-12-31,manuf_invest_yoy,4.1855
2017-01-31,manuf_invest_yoy,4.1838
2017-02-28,manuf_invest_yoy,4.221
2017-03-31,manuf_invest_yoy,4.1345
2017-04-30,manuf_invest_yoy,4.1127
2017-05-31,manuf_invest_yoy,4.0691
2017-06-30,manuf_invest_yoy,4.0221
2017-07-31,manuf_invest_yoy,3.9597
2017-08-31,manuf_invest_yoy,3.8389
2017-09-30,manuf_invest_yoy,3.7758
2017-10-31,manuf_invest_yoy,3.761
2017-11-30,manuf_invest_yoy,3.7105
2017-12-31,manuf_invest_yoy,3.6644
2018-01-31,manuf_invest_yoy,3.7346
2018-02-28,manuf_invest_yoy,3.6899
2018-03-31,manuf_invest_yoy,3.7394
2018-04-30,manuf_invest_yoy,3.6945
2018-05-31,manuf_invest_yoy,3.6673
2018-06-30,manuf_invest_yoy,3.6686
2018-07-31,manuf_invest_yoy,3.7075
2018-08-31,manuf_invest_yoy,3.7275
2018-09-30,manuf_invest_yoy,3.7261
2018-10-31,manuf_invest_yoy,3.7549
2018-11-30,manuf_invest_yoy,3.8159
2018-12-31,manuf_invest_yoy,3.8306
2019-01-31,manuf_invest_yoy,3.8559
2019-02-28,manuf_invest_yoy,3.8236
2019-03-31,manuf_invest_yoy,3.8262
2019-04-30,manuf_invest_yoy,3.8753
2019-05-31,manuf_invest_yoy,3.9572
2019-06-30,manuf_invest_yoy,3.9296
2019-07-31,manuf_invest_yoy,3.9732
2019-08-31,manuf_invest_yoy,4.0273
2019-09-30,manuf_invest_yoy,4.0921
2019-10-31,manuf_invest_yoy,4.0763
2019-11-30,manuf_invest_yoy,4.0821
2019-12-31,manuf_invest_yoy,4.1338
2020-01-31,manuf_invest_yoy,4.1297
2020-02-29,manuf_invest_yoy,4.1618
2020-03-31,manuf_invest_yoy,4.1898
2020-04-30,manuf_invest_yoy,4.2288
2020-05-31,manuf_invest_yoy,4.2362
2020-06-30,manuf_invest_yoy,4.2688
2020-07-31,manuf_invest_yoy,4.2798
2020-08-31,manuf_invest_yoy,4.313
2020-09-30,manuf_invest_yoy,4.3084
2020-10-31,manuf_invest_yoy,4.2767
2020-11-30,manuf_invest_yoy,4.2771
2020-12-31,manuf_invest_yoy,4.2659
2021-01-31,manuf_invest_yoy,4.2422
2021-02-28,manuf_invest_yoy,4.2645
2021-03-31,manuf_invest_yoy,4.2324
2021-04-30,manuf_invest_yoy,4.1869
2021-05-31,manuf_invest_yoy,4.1293
2021-06-30,manuf_invest_yoy,4.0378
2021-07-31,manuf_invest_yoy,4.0042
2021-08-31,manuf_invest_yoy,3.9726
2021-09-30,manuf_invest_yoy,3.9626
2021-10-31,manuf_invest_yoy,3.9271
2021-11-30,manuf_invest_yoy,3.8654
2021-12-31,manuf_invest_yoy,3.8497
2022-01-31,manuf_invest_yoy,3.8188
2022-02-28,manuf_invest_yoy,3.7858
2022-03-31,manuf_invest_yoy,3.8038
2022-04-30,manuf_invest_yoy,3.7935
2022-05-31,manuf_invest_yoy,3.7872
2022-06-30,manuf_invest_yoy,3.7492
2022-07-31,manuf_invest_yoy,3.7007
2022-08-31,manuf_invest_yoy,3.6858
2022-09-30,manuf_invest_yoy,3.6755
2022-10-31,manuf_invest_yoy,3.6807
2022-11-30,manuf_invest_yoy,3.7139
2022-12-31,manuf_invest_yoy,3.7458
2023-01-31,manuf_invest_yoy,3.7699
2023-02-28,manuf_invest_yoy,3.8009
2023-03-31,manuf_invest_yoy,3.7871
2023-04-30,manuf_invest_yoy,3.8463
2023-05-31,manuf_invest_yoy,3.8681
2023-06-30,manuf_invest_yoy,3.9041
2023-07-31,manuf_invest_yoy,3.9534
2023-08-31,manuf_invest_yoy,3.9769
2023-09-30,manuf_invest_yoy,3.9554
2023-10-31,manuf_invest_yoy,3.9657
2023-11-30,manuf_invest_yoy,4.0214
2023-12-31,manuf_invest_yoy,4.0349
2024-01-31,manuf_invest_yoy,4.0181
2024-02-29,manuf_invest_yoy,4.0618
2024-03-31,manuf_invest_yoy,4.0555
2024-04-30,manuf_invest_yoy,4.1043
2024-05-31,manuf_invest_yoy,4.1275
2024-06-30,manuf_invest_yoy,4.1936
2024-07-31,manuf_invest_yoy,4.1865
2024-08-31,manuf_invest_yoy,4.1768
2024-09-30,manuf_invest_yoy,4.231
2024-10-31,manuf_invest_yoy,4.2073
2024-11-30,manuf_invest_yoy,4.241
2024-12-31,manuf_invest_yoy,4.2599
2025-01-31,manuf_invest_yoy,4.349
2025-02-28,manuf_invest_yoy,4.2947
2025-03-31,manuf_invest_yoy,4.2872
2025-04-30,manuf_invest_yoy,4.2129
2025-05-31,manuf_invest_yoy,4.2064
2025-06-30,manuf_invest_yoy,4.1358
2025-07-31,manuf_invest_yoy,4.1121
2025-08-31,manuf_invest_yoy,4.0867
2025-09-30,manuf_invest_yoy,4.084
2025-10-31,manuf_invest_yoy,4.0431
2025-11-30,manuf_invest_yoy,4.0131
2025-12-31,manuf_invest_yoy,2.65
2026-01-31,manuf_invest_yoy,2.8
2026-02-28,manuf_invest_yoy,2.7
2026-03-31,manuf_invest_yoy,2.74
2026-04-30,manuf_invest_yoy,2.78
2026-05-31,manuf_invest_yoy,2.77
2026-06-30,manuf_invest_yoy,2.8
2015-01-31,house_sales_area_yoy,0.5964
2015-02-28,house_sales_area_yoy,0.6284
2015-03-31,house_sales_area_yoy,0.6351
2015-04-30,house_sales_area_yoy,0.6308
2015-05-31,house_sales_area_yoy,0.613
2015-06-30,house_sales_area_yoy,0.6477
2015-07-31,house_sales_area_yoy,0.6912
2015-08-31,house_sales_area_yoy,0.7492
2015-09-30,house_sales_area_yoy,0.7711
2015-10-31,house_sales_area_yoy,0.8611
2015-11-30,house_sales_area_yoy,0.9346
2015-12-31,house_sales_area_yoy,0.9836
2016-01-31,house_sales_area_yoy,1.0056
2016-02-29,house_sales_area_yoy,1.015
2016-03-31,house_sales_area_yoy,1.0318
2016-04-30,house_sales_area_yoy,1.048
2016-05-31,house_sales_area_yoy,0.9881
2016-06-30,house_sales_area_yoy,0.9856
2016-07-31,house_sales_area_yoy,0.9881
2016-08-31,house_sales_area_yoy,0.9278
2016-09-30,house_sales_area_yoy,0.8651
2016-10-31,house_sales_area_yoy,0.8351
2016-11-30,house_sales_area_yoy,0.9282
2016-12-31,house_sales_area_yoy,0.9568
2017-01-31,house_sales_area_yoy,0.9322
2017-02-28,house_sales_area_yoy,0.8346
2017-03-31,house_sales_area_yoy,0.8157
2017-04-30,house_sales_area_yoy,0.772
2017-05-31,house_sales_area_yoy,0.6772
2017-06-30,house_sales_area_yoy,0.6166
2017-07-31,house_sales_area_yoy,0.5775
2017-08-31,house_sales_area_yoy,0.5194
2017-09-30,house_sales_area_yoy,0.5319
2017-10-31,house_sales_area_yoy,0.4693
2017-11-30,house_sales_area_yoy,0.4345
2017-12-31,house_sales_area_yoy,0.3566
2018-01-31,house_sales_area_yoy,0.2563
2018-02-28,house_sales_area_yoy,0.1979
2018-03-31,house_sales_area_yoy,0.1959
2018-04-30,house_sales_area_yoy,0.1605
2018-05-31,house_sales_area_yoy,0.1729
2018-06-30,house_sales_area_yoy,0.1838
2018-07-31,house_sales_area_yoy,0.1774
2018-08-31,house_sales_area_yoy,0.112
2018-09-30,house_sales_area_yoy,0.109
2018-10-31,house_sales_area_yoy,0.1165
2018-11-30,house_sales_area_yoy,0.1499
2018-12-31,house_sales_area_yoy,0.1382
2019-01-31,house_sales_area_yoy,0.2083
2019-02-28,house_sales_area_yoy,0.3301
2019-03-31,house_sales_area_yoy,0.3878
2019-04-30,house_sales_area_yoy,0.4478
2019-05-31,house_sales_area_yoy,0.4029
2019-06-30,house_sales_area_yoy,0.4317
2019-07-31,house_sales_area_yoy,0.4948
2019-08-31,house_sales_area_yoy,0.5153
2019-09-30,house_sales_area_yoy,0.6203
2019-10-31,house_sales_area_yoy,0.695
2019-11-30,house_sales_area_yoy,0.7785
2019-12-31,house_sales_area_yoy,0.756
2020-01-31,house_sales_area_yoy,0.7574
2020-02-29,house_sales_area_yoy,0.8717
2020-03-31,house_sales_area_yoy,0.854
2020-04-30,house_sales_area_yoy,0.9123
2020-05-31,house_sales_area_yoy,0.9437
2020-06-30,house_sales_area_yoy,1.0768
2020-07-31,house_sales_area_yoy,1.0316
2020-08-31,house_sales_area_yoy,0.9803
2020-09-30,house_sales_area_yoy,0.9984
2020-10-31,house_sales_area_yoy,1.0429
2020-11-30,house_sales_area_yoy,1.083
2020-12-31,house_sales_area_yoy,1.0072
2021-01-31,house_sales_area_yoy,1.0101
2021-02-28,house_sales_area_yoy,0.8838
2021-03-31,house_sales_area_yoy,0.9215
2021-04-30,house_sales_area_yoy,0.8913
2021-05-31,house_sales_area_yoy,0.7217
2021-06-30,house_sales_area_yoy,0.6843
2021-07-31,house_sales_area_yoy,0.5983
2021-08-31,house_sales_area_yoy,0.5207
2021-09-30,house_sales_area_yoy,0.5443
2021-10-31,house_sales_area_yoy,0.4547
2021-11-30,house_sales_area_yoy,0.3587
2021-12-31,house_sales_area_yoy,0.379
2022-01-31,house_sales_area_yoy,0.3737
2022-02-28,house_sales_area_yoy,0.2905
2022-03-31,house_sales_area_yoy,0.2035
2022-04-30,house_sales_area_yoy,0.1712
2022-05-31,house_sales_area_yoy,0.204
2022-06-30,house_sales_area_yoy,0.1947
2022-07-31,house_sales_area_yoy,0.2018
2022-08-31,house_sales_area_yoy,0.1761
2022-09-30,house_sales_area_yoy,0.1353
2022-10-31,house_sales_area_yoy,0.0966
2022-11-30,house_sales_area_yoy,0.0945
2022-12-31,house_sales_area_yoy,0.0576
2023-01-31,house_sales_area_yoy,0.0746
2023-02-28,house_sales_area_yoy,0.106
2023-03-31,house_sales_area_yoy,0.0983
2023-04-30,house_sales_area_yoy,0.1364
2023-05-31,house_sales_area_yoy,0.1921
2023-06-30,house_sales_area_yoy,0.3127
2023-07-31,house_sales_area_yoy,0.4546
2023-08-31,house_sales_area_yoy,0.4925
2023-09-30,house_sales_area_yoy,0.5428
2023-10-31,house_sales_area_yoy,0.541
2023-11-30,house_sales_area_yoy,0.6497
2023-12-31,house_sales_area_yoy,0.7926
2024-01-31,house_sales_area_yoy,0.7956
2024-02-29,house_sales_area_yoy,0.8446
2024-03-31,house_sales_area_yoy,0.8952
2024-04-30,house_sales_area_yoy,0.9888
2024-05-31,house_sales_area_yoy,1.0155
2024-06-30,house_sales_area_yoy,1.0566
2024-07-31,house_sales_area_yoy,1.1366
2024-08-31,house_sales_area_yoy,1.1346
2024-09-30,house_sales_area_yoy,1.1353
2024-10-31,house_sales_area_yoy,1.152
2024-11-30,house_sales_area_yoy,1.175
2024-12-31,house_sales_area_yoy,1.2039
2025-01-31,house_sales_area_yoy,1.1709
2025-02-28,house_sales_area_yoy,1.246
2025-03-31,house_sales_area_yoy,1.215
2025-04-30,house_sales_area_yoy,1.1673
2025-05-31,house_sales_area_yoy,1.165
2025-06-30,house_sales_area_yoy,1.1788
2025-07-31,house_sales_area_yoy,1.0125
2025-08-31,house_sales_area_yoy,0.9944
2025-09-30,house_sales_area_yoy,0.9367
2025-10-31,house_sales_area_yoy,0.7841
2025-11-30,house_sales_area_yoy,0.7268
2025-12-31,house_sales_area_yoy,0.8
2026-01-31,house_sales_area_yoy,0.5
2026-02-28,house_sales_area_yoy,0.6
2026-03-31,house_sales_area_yoy,0.4
2026-04-30,house_sales_area_yoy,0.3
2026-05-31,house_sales_area_yoy,0.2
2026-06-30,house_sales_area_yoy,-0.1
2015-01-31,cpi_yoy,1.3804
2015-02-28,cpi_yoy,1.3898
2015-03-31,cpi_yoy,1.3901
2015-04-30,cpi_yoy,1.3921
2015-05-31,cpi_yoy,1.413
2015-06-30,cpi_yoy,1.4177
2015-07-31,cpi_yoy,1.4316
2015-08-31,cpi_yoy,1.451
2015-09-30,cpi_yoy,1.4529
2015-10-31,cpi_yoy,1.4618
2015-11-30,cpi_yoy,1.4792
2015-12-31,cpi_yoy,1.4958
2016-01-31,cpi_yoy,1.4991
2016-02-29,cpi_yoy,1.4989
2016-03-31,cpi_yoy,1.5051
2016-04-30,cpi_yoy,1.5045
2016-05-31,cpi_yoy,1.5244
2016-06-30,cpi_yoy,1.5102
2016-07-31,cpi_yoy,1.5165
2016-08-31,cpi_yoy,1.531
2016-09-30,cpi_yoy,1.5317
2016-10-31,cpi_yoy,1.4929
2016-11-30,cpi_yoy,1.4869
2016-12-31,cpi_yoy,1.486
2017-01-31,cpi_yoy,1.4732
2017-02-28,cpi_yoy,1.4729
2017-03-31,cpi_yoy,1.4628
2017-04-30,cpi_yoy,1.4667
2017-05-31,cpi_yoy,1.4202
2017-06-30,cpi_yoy,1.3954
2017-07-31,cpi_yoy,1.3917
2017-08-31,cpi_yoy,1.3872
2017-09-30,cpi_yoy,1.3795
2017-10-31,cpi_yoy,1.3613
2017-11-30,cpi_yoy,1.349
2017-12-31,cpi_yoy,1.3522
2018-01-31,cpi_yoy,1.3317
2018-02-28,cpi_yoy,1.3171
2018-03-31,cpi_yoy,1.3278
2018-04-30,cpi_yoy,1.2986
2018-05-31,cpi_yoy,1.2984
2018-06-30,cpi_yoy,1.2949
2018-07-31,cpi_yoy,1.2915
2018-08-31,cpi_yoy,1.288
2018-09-30,cpi_yoy,1.2601
2018-10-31,cpi_yoy,1.2528
2018-11-30,cpi_yoy,1.2735
2018-12-31,cpi_yoy,1.2695
2019-01-31,cpi_yoy,1.297
2019-02-28,cpi_yoy,1.3289
2019-03-31,cpi_yoy,1.3283
2019-04-30,cpi_yoy,1.3484
2019-05-31,cpi_yoy,1.3688
2019-06-30,cpi_yoy,1.3974
2019-07-31,cpi_yoy,1.4137
2019-08-31,cpi_yoy,1.4344
2019-09-30,cpi_yoy,1.4519
2019-10-31,cpi_yoy,1.4571
2019-11-30,cpi_yoy,1.4643
2019-12-31,cpi_yoy,1.4842
2020-01-31,cpi_yoy,1.4699
2020-02-29,cpi_yoy,1.4593
2020-03-31,cpi_yoy,1.4863
2020-04-30,cpi_yoy,1.4916
2020-05-31,cpi_yoy,1.5106
2020-06-30,cpi_yoy,1.5167
2020-07-31,cpi_yoy,1.5141
2020-08-31,cpi_yoy,1.5125
2020-09-30,cpi_yoy,1.5083
2020-10-31,cpi_yoy,1.4862
2020-11-30,cpi_yoy,1.496
2020-12-31,cpi_yoy,1.4634
2021-01-31,cpi_yoy,1.4485
2021-02-28,cpi_yoy,1.4527
2021-03-31,cpi_yoy,1.4524
2021-04-30,cpi_yoy,1.4382
2021-05-31,cpi_yoy,1.4236
2021-06-30,cpi_yoy,1.4275
2021-07-31,cpi_yoy,1.4133
2021-08-31,cpi_yoy,1.4166
2021-09-30,cpi_yoy,1.4085
2021-10-31,cpi_yoy,1.4
2021-11-30,cpi_yoy,1.3671
2021-12-31,cpi_yoy,1.3486
2022-01-31,cpi_yoy,1.3288
2022-02-28,cpi_yoy,1.309
2022-03-31,cpi_yoy,1.2868
2022-04-30,cpi_yoy,1.2759
2022-05-31,cpi_yoy,1.2702
2022-06-30,cpi_yoy,1.2635
2022-07-31,cpi_yoy,1.2638
2022-08-31,cpi_yoy,1.2739
2022-09-30,cpi_yoy,1.2728
2022-10-31,cpi_yoy,1.2551
2022-11-30,cpi_yoy,1.2583
2022-12-31,cpi_yoy,1.2709
2023-01-31,cpi_yoy,1.2658
2023-02-28,cpi_yoy,1.2668
2023-03-31,cpi_yoy,1.2777
2023-04-30,cpi_yoy,1.2935
2023-05-31,cpi_yoy,1.3181
2023-06-30,cpi_yoy,1.3565
2023-07-31,cpi_yoy,1.369
2023-08-31,cpi_yoy,1.4051
2023-09-30,cpi_yoy,1.4209
2023-10-31,cpi_yoy,1.4183
2023-11-30,cpi_yoy,1.4308
2023-12-31,cpi_yoy,1.4271
2024-01-31,cpi_yoy,1.4418
2024-02-29,cpi_yoy,1.4525
2024-03-31,cpi_yoy,1.4636
2024-04-30,cpi_yoy,1.4838
2024-05-31,cpi_yoy,1.4925
2024-06-30,cpi_yoy,1.4853
2024-07-31,cpi_yoy,1.4977
2024-08-31,cpi_yoy,1.5008
2024-09-30,cpi_yoy,1.5007
2024-10-31,cpi_yoy,1.506
2024-11-30,cpi_yoy,1.4904
2024-12-31,cpi_yoy,1.4922
2025-01-31,cpi_yoy,1.4811
2025-02-28,cpi_yoy,1.4939
2025-03-31,cpi_yoy,1.4686
2025-04-30,cpi_yoy,1.4772
2025-05-31,cpi_yoy,1.4592
2025-06-30,cpi_yoy,1.4598
2025-07-31,cpi_yoy,1.4322
2025-08-31,cpi_yoy,1.4194
2025-09-30,cpi_yoy,1.4105
2025-10-31,cpi_yoy,1.3755
2025-11-30,cpi_yoy,1.3708
2025-12-31,cpi_yoy,0.98
2026-01-31,cpi_yoy,1.05
2026-02-28,cpi_yoy,1.1
2026-03-31,cpi_yoy,1.04
2026-04-30,cpi_yoy,1.08
2026-05-31,cpi_yoy,1.1
2026-06-30,cpi_yoy,1.2
2015-01-31,ppi_yoy,1.994
2015-02-28,ppi_yoy,1.9925
2015-03-31,ppi_yoy,1.9707
2015-04-30,ppi_yoy,1.9878
2015-05-31,ppi_yoy,2.056
2015-06-30,ppi_yoy,2.1033
2015-07-31,ppi_yoy,2.1304
2015-08-31,ppi_yoy,2.0996
2015-09-30,ppi_yoy,2.142
2015-10-31,ppi_yoy,2.1941
2015-11-30,ppi_yoy,2.196
2015-12-31,ppi_yoy,2.2009
2016-01-31,ppi_yoy,2.2005
2016-02-29,ppi_yoy,2.2211
2016-03-31,ppi_yoy,2.2227
2016-04-30,ppi_yoy,2.2392
2016-05-31,ppi_yoy,2.2591
2016-06-30,ppi_yoy,2.2706
2016-07-31,ppi_yoy,2.2371
2016-08-31,ppi_yoy,2.2264
2016-09-30,ppi_yoy,2.2555
2016-10-31,ppi_yoy,2.2212
2016-11-30,ppi_yoy,2.2091
2016-12-31,ppi_yoy,2.1785
2017-01-31,ppi_yoy,2.1855
2017-02-28,ppi_yoy,2.1822
2017-03-31,ppi_yoy,2.1504
2017-04-30,ppi_yoy,2.0689
2017-05-31,ppi_yoy,2.0359
2017-06-30,ppi_yoy,1.9437
2017-07-31,ppi_yoy,1.9488
2017-08-31,ppi_yoy,1.9114
2017-09-30,ppi_yoy,1.9032
2017-10-31,ppi_yoy,1.8735
2017-11-30,ppi_yoy,1.8327
2017-12-31,ppi_yoy,1.7815
2018-01-31,ppi_yoy,1.7731
2018-02-28,ppi_yoy,1.7804
2018-03-31,ppi_yoy,1.7797
2018-04-30,ppi_yoy,1.8025
2018-05-31,ppi_yoy,1.78
2018-06-30,ppi_yoy,1.7802
2018-07-31,ppi_yoy,1.783
2018-08-31,ppi_yoy,1.8325
2018-09-30,ppi_yoy,1.7956
2018-10-31,ppi_yoy,1.7966
2018-11-30,ppi_yoy,1.7763
2018-12-31,ppi_yoy,1.7452
2019-01-31,ppi_yoy,1.7562
2019-02-28,ppi_yoy,1.8027
2019-03-31,ppi_yoy,1.855
2019-04-30,ppi_yoy,1.8688
2019-05-31,ppi_yoy,1.8582
2019-06-30,ppi_yoy,1.8798
2019-07-31,ppi_yoy,1.8984
2019-08-31,ppi_yoy,1.9155
2019-09-30,ppi_yoy,1.9373
2019-10-31,ppi_yoy,2.0398
2019-11-30,ppi_yoy,2.0541
2019-12-31,ppi_yoy,2.1074
2020-01-31,ppi_yoy,2.1477
2020-02-29,ppi_yoy,2.2403
2020-03-31,ppi_yoy,2.2681
2020-04-30,ppi_yoy,2.2791
2020-05-31,ppi_yoy,2.3063
2020-06-30,ppi_yoy,2.3213
2020-07-31,ppi_yoy,2.3457
2020-08-31,ppi_yoy,2.3484
2020-09-30,ppi_yoy,2.3276
2020-10-31,ppi_yoy,2.3445
2020-11-30,ppi_yoy,2.3258
2020-12-31,ppi_yoy,2.3432
2021-01-31,ppi_yoy,2.2982
2021-02-28,ppi_yoy,2.223
2021-03-31,ppi_yoy,2.1659
2021-04-30,ppi_yoy,2.1443
2021-05-31,ppi_yoy,2.1235
2021-06-30,ppi_yoy,2.0859
2021-07-31,ppi_yoy,2.0334
2021-08-31,ppi_yoy,2.0192
2021-09-30,ppi_yoy,1.9908
2021-10-31,ppi_yoy,1.9255
2021-11-30,ppi_yoy,1.8931
2021-12-31,ppi_yoy,1.8263
2022-01-31,ppi_yoy,1.7854
2022-02-28,ppi_yoy,1.7737
2022-03-31,ppi_yoy,1.7992
2022-04-30,ppi_yoy,1.7799
2022-05-31,ppi_yoy,1.8038
2022-06-30,ppi_yoy,1.7649
2022-07-31,ppi_yoy,1.739
2022-08-31,ppi_yoy,1.6888
2022-09-30,ppi_yoy,1.727
2022-10-31,ppi_yoy,1.7429
2022-11-30,ppi_yoy,1.805
2022-12-31,ppi_yoy,1.8162
2023-01-31,ppi_yoy,1.8009
2023-02-28,ppi_yoy,1.8171
2023-03-31,ppi_yoy,1.8719
2023-04-30,ppi_yoy,1.8871
2023-05-31,ppi_yoy,1.8719
2023-06-30,ppi_yoy,1.8929
2023-07-31,ppi_yoy,1.8993
2023-08-31,ppi_yoy,1.9126
2023-09-30,ppi_yoy,1.9513
2023-10-31,ppi_yoy,1.9687
2023-11-30,ppi_yoy,2.0129
2023-12-31,ppi_yoy,2.0869
2024-01-31,ppi_yoy,2.0983
2024-02-29,ppi_yoy,2.1657
2024-03-31,ppi_yoy,2.1907
2024-04-30,ppi_yoy,2.1891
2024-05-31,ppi_yoy,2.2159
2024-06-30,ppi_yoy,2.2217
2024-07-31,ppi_yoy,2.2204
2024-08-31,ppi_yoy,2.2678
2024-09-30,ppi_yoy,2.1993
2024-10-31,ppi_yoy,2.199
2024-11-30,ppi_yoy,2.2491
2024-12-31,ppi_yoy,2.2809
2025-01-31,ppi_yoy,2.2129
2025-02-28,ppi_yoy,2.2148
2025-03-31,ppi_yoy,2.2062
2025-04-30,ppi_yoy,2.1783
2025-05-31,ppi_yoy,2.2011
2025-06-30,ppi_yoy,2.2136
2025-07-31,ppi_yoy,2.2084
2025-08-31,ppi_yoy,2.1752
2025-09-30,ppi_yoy,2.0925
2025-10-31,ppi_yoy,2.0539
2025-11-30,ppi_yoy,2.0294
2025-12-31,ppi_yoy,2.55
2026-01-31,ppi_yoy,2.6
2026-02-28,ppi_yoy,2.65
2026-03-31,ppi_yoy,2.7
2026-04-30,ppi_yoy,2.72
2026-05-31,ppi_yoy,2.75
2026-06-30,ppi_yoy,2.8
2015-01-31,ppi_cpi_spread,0.7994
2015-02-28,ppi_cpi_spread,0.7838
2015-03-31,ppi_cpi_spread,0.7873
2015-04-30,ppi_cpi_spread,0.799
2015-05-31,ppi_cpi_spread,0.843
2015-06-30,ppi_cpi_spread,0.8972
2015-07-31,ppi_cpi_spread,0.8772
2015-08-31,ppi_cpi_spread,0.8583
2015-09-30,ppi_cpi_spread,0.8924
2015-10-31,ppi_cpi_spread,0.9109
2015-11-30,ppi_cpi_spread,0.9214
2015-12-31,ppi_cpi_spread,0.9268
2016-01-31,ppi_cpi_spread,0.922
2016-02-29,ppi_cpi_spread,0.9159
2016-03-31,ppi_cpi_spread,0.9366
2016-04-30,ppi_cpi_spread,0.958
2016-05-31,ppi_cpi_spread,1.0109
2016-06-30,ppi_cpi_spread,1.0312
2016-07-31,ppi_cpi_spread,1.0354
2016-08-31,ppi_cpi_spread,0.9994
2016-09-30,ppi_cpi_spread,0.9636
2016-10-31,ppi_cpi_spread,0.9446
2016-11-30,ppi_cpi_spread,0.9022
2016-12-31,ppi_cpi_spread,0.9076
2017-01-31,ppi_cpi_spread,0.8995
2017-02-28,ppi_cpi_spread,0.9022
2017-03-31,ppi_cpi_spread,0.8999
2017-04-30,ppi_cpi_spread,0.87
2017-05-31,ppi_cpi_spread,0.8682
2017-06-30,ppi_cpi_spread,0.8098
2017-07-31,ppi_cpi_spread,0.8083
2017-08-31,ppi_cpi_spread,0.8052
2017-09-30,ppi_cpi_spread,0.8082
2017-10-31,ppi_cpi_spread,0.7711
2017-11-30,ppi_cpi_spread,0.7399
2017-12-31,ppi_cpi_spread,0.713
2018-01-31,ppi_cpi_spread,0.7101
2018-02-28,ppi_cpi_spread,0.6997
2018-03-31,ppi_cpi_spread,0.6988
2018-04-30,ppi_cpi_spread,0.6808
2018-05-31,ppi_cpi_spread,0.6693
2018-06-30,ppi_cpi_spread,0.6867
2018-07-31,ppi_cpi_spread,0.6909
2018-08-31,ppi_cpi_spread,0.6758
2018-09-30,ppi_cpi_spread,0.6787
2018-10-31,ppi_cpi_spread,0.6971
2018-11-30,ppi_cpi_spread,0.6749
2018-12-31,ppi_cpi_spread,0.6747
2019-01-31,ppi_cpi_spread,0.6969
2019-02-28,ppi_cpi_spread,0.7292
2019-03-31,ppi_cpi_spread,0.7374
2019-04-30,ppi_cpi_spread,0.7756
2019-05-31,ppi_cpi_spread,0.7858
2019-06-30,ppi_cpi_spread,0.8264
2019-07-31,ppi_cpi_spread,0.8859
2019-08-31,ppi_cpi_spread,0.9048
2019-09-30,ppi_cpi_spread,0.9283
2019-10-31,ppi_cpi_spread,0.9185
2019-11-30,ppi_cpi_spread,0.9666
2019-12-31,ppi_cpi_spread,1.0034
2020-01-31,ppi_cpi_spread,1.0012
2020-02-29,ppi_cpi_spread,0.981
2020-03-31,ppi_cpi_spread,1.0212
2020-04-30,ppi_cpi_spread,1.0722
2020-05-31,ppi_cpi_spread,1.0287
2020-06-30,ppi_cpi_spread,1.0345
2020-07-31,ppi_cpi_spread,1.0303
2020-08-31,ppi_cpi_spread,1.0341
2020-09-30,ppi_cpi_spread,1.0138
2020-10-31,ppi_cpi_spread,1.0225
2020-11-30,ppi_cpi_spread,1.0558
2020-12-31,ppi_cpi_spread,1.0274
2021-01-31,ppi_cpi_spread,1.0
2021-02-28,ppi_cpi_spread,0.9898
2021-03-31,ppi_cpi_spread,0.971
2021-04-30,ppi_cpi_spread,0.9611
2021-05-31,ppi_cpi_spread,0.9073
2021-06-30,ppi_cpi_spread,0.8853
2021-07-31,ppi_cpi_spread,0.8921
2021-08-31,ppi_cpi_spread,0.8598
2021-09-30,ppi_cpi_spread,0.8234
2021-10-31,ppi_cpi_spread,0.8075
2021-11-30,ppi_cpi_spread,0.7858
2021-12-31,ppi_cpi_spread,0.7426
2022-01-31,ppi_cpi_spread,0.716
2022-02-28,ppi_cpi_spread,0.6702
2022-03-31,ppi_cpi_spread,0.6562
2022-04-30,ppi_cpi_spread,0.6633
2022-05-31,ppi_cpi_spread,0.6264
2022-06-30,ppi_cpi_spread,0.5824
2022-07-31,ppi_cpi_spread,0.5504
2022-08-31,ppi_cpi_spread,0.529
2022-09-30,ppi_cpi_spread,0.5629
2022-10-31,ppi_cpi_spread,0.555
2022-11-30,ppi_cpi_spread,0.5449
2022-12-31,ppi_cpi_spread,0.5687
2023-01-31,ppi_cpi_spread,0.6029
2023-02-28,ppi_cpi_spread,0.6289
2023-03-31,ppi_cpi_spread,0.6364
2023-04-30,ppi_cpi_spread,0.6365
2023-05-31,ppi_cpi_spread,0.685
2023-06-30,ppi_cpi_spread,0.6952
2023-07-31,ppi_cpi_spread,0.7116
2023-08-31,ppi_cpi_spread,0.7311
2023-09-30,ppi_cpi_spread,0.7298
2023-10-31,ppi_cpi_spread,0.771
2023-11-30,ppi_cpi_spread,0.8364
2023-12-31,ppi_cpi_spread,0.8823
2024-01-31,ppi_cpi_spread,0.9093
2024-02-29,ppi_cpi_spread,0.9276
2024-03-31,ppi_cpi_spread,0.9531
2024-04-30,ppi_cpi_spread,0.9615
2024-05-31,ppi_cpi_spread,0.9593
2024-06-30,ppi_cpi_spread,0.9724
2024-07-31,ppi_cpi_spread,0.9978
2024-08-31,ppi_cpi_spread,1.0089
2024-09-30,ppi_cpi_spread,1.0237
2024-10-31,ppi_cpi_spread,1.0014
2024-11-30,ppi_cpi_spread,0.955
2024-12-31,ppi_cpi_spread,0.9753
2025-01-31,ppi_cpi_spread,0.9472
2025-02-28,ppi_cpi_spread,0.9163
2025-03-31,ppi_cpi_spread,0.914
2025-04-30,ppi_cpi_spread,0.9238
2025-05-31,ppi_cpi_spread,0.872
2025-06-30,ppi_cpi_spread,0.8785
2025-07-31,ppi_cpi_spread,0.8752
2025-08-31,ppi_cpi_spread,0.8674
2025-09-30,ppi_cpi_spread,0.832
2025-10-31,ppi_cpi_spread,0.8139
2025-11-30,ppi_cpi_spread,0.7618
2025-12-31,ppi_cpi_spread,1.02
2026-01-31,ppi_cpi_spread,1.2
2026-02-28,ppi_cpi_spread,1.1
2026-03-31,ppi_cpi_spread,1.18
2026-04-30,ppi_cpi_spread,1.16
2026-05-31,ppi_cpi_spread,1.36
2026-06-30,ppi_cpi_spread,1.6
2015-01-31,m1_yoy,0.154
2015-02-28,m1_yoy,0.1576
2015-03-31,m1_yoy,0.156
2015-04-30,m1_yoy,0.1617
2015-05-31,m1_yoy,0.1596
2015-06-30,m1_yoy,0.1604
2015-07-31,m1_yoy,0.1618
2015-08-31,m1_yoy,0.1656
2015-09-30,m1_yoy,0.1655
2015-10-31,m1_yoy,0.169
2015-11-30,m1_yoy,0.171
2015-12-31,m1_yoy,0.1704
2016-01-31,m1_yoy,0.1724
2016-02-29,m1_yoy,0.1755
2016-03-31,m1_yoy,0.1792
2016-04-30,m1_yoy,0.1835
2016-05-31,m1_yoy,0.1854
2016-06-30,m1_yoy,0.1859
2016-07-31,m1_yoy,0.1856
2016-08-31,m1_yoy,0.1835
2016-09-30,m1_yoy,0.1827
2016-10-31,m1_yoy,0.1802
2016-11-30,m1_yoy,0.1749
2016-12-31,m1_yoy,0.1721
2017-01-31,m1_yoy,0.1692
2017-02-28,m1_yoy,0.1677
2017-03-31,m1_yoy,0.1644
2017-04-30,m1_yoy,0.1624
2017-05-31,m1_yoy,0.1614
2017-06-30,m1_yoy,0.1541
2017-07-31,m1_yoy,0.1533
2017-08-31,m1_yoy,0.1525
2017-09-30,m1_yoy,0.1515
2017-10-31,m1_yoy,0.1498
2017-11-30,m1_yoy,0.146
2017-12-31,m1_yoy,0.1458
2018-01-31,m1_yoy,0.1446
2018-02-28,m1_yoy,0.1418
2018-03-31,m1_yoy,0.1386
2018-04-30,m1_yoy,0.1342
2018-05-31,m1_yoy,0.1299
2018-06-30,m1_yoy,0.1279
2018-07-31,m1_yoy,0.1324
2018-08-31,m1_yoy,0.1336
2018-09-30,m1_yoy,0.134
2018-10-31,m1_yoy,0.1354
2018-11-30,m1_yoy,0.1301
2018-12-31,m1_yoy,0.1328
2019-01-31,m1_yoy,0.1341
2019-02-28,m1_yoy,0.1378
2019-03-31,m1_yoy,0.1387
2019-04-30,m1_yoy,0.1395
2019-05-31,m1_yoy,0.1443
2019-06-30,m1_yoy,0.1457
2019-07-31,m1_yoy,0.1502
2019-08-31,m1_yoy,0.1533
2019-09-30,m1_yoy,0.1572
2019-10-31,m1_yoy,0.1616
2019-11-30,m1_yoy,0.1642
2019-12-31,m1_yoy,0.1656
2020-01-31,m1_yoy,0.1697
2020-02-29,m1_yoy,0.1736
2020-03-31,m1_yoy,0.1722
2020-04-30,m1_yoy,0.1731
2020-05-31,m1_yoy,0.1706
2020-06-30,m1_yoy,0.1731
2020-07-31,m1_yoy,0.1722
2020-08-31,m1_yoy,0.1729
2020-09-30,m1_yoy,0.1716
2020-10-31,m1_yoy,0.174
2020-11-30,m1_yoy,0.1708
2020-12-31,m1_yoy,0.1716
2021-01-31,m1_yoy,0.1695
2021-02-28,m1_yoy,0.1667
2021-03-31,m1_yoy,0.1662
2021-04-30,m1_yoy,0.1663
2021-05-31,m1_yoy,0.1645
2021-06-30,m1_yoy,0.1604
2021-07-31,m1_yoy,0.1587
2021-08-31,m1_yoy,0.1564
2021-09-30,m1_yoy,0.1501
2021-10-31,m1_yoy,0.1451
2021-11-30,m1_yoy,0.1364
2021-12-31,m1_yoy,0.1355
2022-01-31,m1_yoy,0.1329
2022-02-28,m1_yoy,0.1331
2022-03-31,m1_yoy,0.134
2022-04-30,m1_yoy,0.1353
2022-05-31,m1_yoy,0.1334
2022-06-30,m1_yoy,0.1304
2022-07-31,m1_yoy,0.1332
2022-08-31,m1_yoy,0.1355
2022-09-30,m1_yoy,0.1361
2022-10-31,m1_yoy,0.1329
2022-11-30,m1_yoy,0.1313
2022-12-31,m1_yoy,0.1314
2023-01-31,m1_yoy,0.1314
2023-02-28,m1_yoy,0.1313
2023-03-31,m1_yoy,0.1299
2023-04-30,m1_yoy,0.1321
2023-05-31,m1_yoy,0.1342
2023-06-30,m1_yoy,0.1337
2023-07-31,m1_yoy,0.1351
2023-08-31,m1_yoy,0.136
2023-09-30,m1_yoy,0.1412
2023-10-31,m1_yoy,0.1474
2023-11-30,m1_yoy,0.1526
2023-12-31,m1_yoy,0.1576
2024-01-31,m1_yoy,0.1574
2024-02-29,m1_yoy,0.1629
2024-03-31,m1_yoy,0.167
2024-04-30,m1_yoy,0.1665
2024-05-31,m1_yoy,0.1689
2024-06-30,m1_yoy,0.1768
2024-07-31,m1_yoy,0.1732
2024-08-31,m1_yoy,0.1727
2024-09-30,m1_yoy,0.1706
2024-10-31,m1_yoy,0.1689
2024-11-30,m1_yoy,0.1705
2024-12-31,m1_yoy,0.172
2025-01-31,m1_yoy,0.1722
2025-02-28,m1_yoy,0.171
2025-03-31,m1_yoy,0.1694
2025-04-30,m1_yoy,0.1698
2025-05-31,m1_yoy,0.1668
2025-06-30,m1_yoy,0.1643
2025-07-31,m1_yoy,0.1626
2025-08-31,m1_yoy,0.1595
2025-09-30,m1_yoy,0.1576
2025-10-31,m1_yoy,0.1556
2025-11-30,m1_yoy,0.1476
2025-12-31,m1_yoy,0.02
2026-01-31,m1_yoy,0.04
2026-02-28,m1_yoy,0.03
2026-03-31,m1_yoy,0.03
2026-04-30,m1_yoy,0.04
2026-05-31,m1_yoy,0.05
2026-06-30,m1_yoy,0.05
2015-01-31,m2_m1_spread,0.0795
2015-02-28,m2_m1_spread,0.081
2015-03-31,m2_m1_spread,0.0781
2015-04-30,m2_m1_spread,0.0779
2015-05-31,m2_m1_spread,0.0801
2015-06-30,m2_m1_spread,0.0818
2015-07-31,m2_m1_spread,0.0844
2015-08-31,m2_m1_spread,0.0874
2015-09-30,m2_m1_spread,0.0871
2015-10-31,m2_m1_spread,0.0885
2015-11-30,m2_m1_spread,0.0887
2015-12-31,m2_m1_spread,0.0908
2016-01-31,m2_m1_spread,0.0922
2016-02-29,m2_m1_spread,0.0933
2016-03-31,m2_m1_spread,0.0934
2016-04-30,m2_m1_spread,0.0938
2016-05-31,m2_m1_spread,0.0937
2016-06-30,m2_m1_spread,0.0922
2016-07-31,m2_m1_spread,0.0899
2016-08-31,m2_m1_spread,0.0928
2016-09-30,m2_m1_spread,0.0923
2016-10-31,m2_m1_spread,0.09
2016-11-30,m2_m1_spread,0.0898
2016-12-31,m2_m1_spread,0.0888
2017-01-31,m2_m1_spread,0.0891
2017-02-28,m2_m1_spread,0.087
2017-03-31,m2_m1_spread,0.0848
2017-04-30,m2_m1_spread,0.0827
2017-05-31,m2_m1_spread,0.0825
2017-06-30,m2_m1_spread,0.0811
2017-07-31,m2_m1_spread,0.0811
2017-08-31,m2_m1_spread,0.0794
2017-09-30,m2_m1_spread,0.0782
2017-10-31,m2_m1_spread,0.0778
2017-11-30,m2_m1_spread,0.0771
2017-12-31,m2_m1_spread,0.0745
2018-01-31,m2_m1_spread,0.0744
2018-02-28,m2_m1_spread,0.0721
2018-03-31,m2_m1_spread,0.0721
2018-04-30,m2_m1_spread,0.0709
2018-05-31,m2_m1_spread,0.0707
2018-06-30,m2_m1_spread,0.0726
2018-07-31,m2_m1_spread,0.0714
2018-08-31,m2_m1_spread,0.0703
2018-09-30,m2_m1_spread,0.0724
2018-10-31,m2_m1_spread,0.0724
2018-11-30,m2_m1_spread,0.0728
2018-12-31,m2_m1_spread,0.0727
2019-01-31,m2_m1_spread,0.0729
2019-02-28,m2_m1_spread,0.0755
2019-03-31,m2_m1_spread,0.0771
2019-04-30,m2_m1_spread,0.0778
2019-05-31,m2_m1_spread,0.0805
2019-06-30,m2_m1_spread,0.0813
2019-07-31,m2_m1_spread,0.0817
2019-08-31,m2_m1_spread,0.0808
2019-09-30,m2_m1_spread,0.0826
2019-10-31,m2_m1_spread,0.0837
2019-11-30,m2_m1_spread,0.0831
2019-12-31,m2_m1_spread,0.0841
2020-01-31,m2_m1_spread,0.0848
2020-02-29,m2_m1_spread,0.0869
2020-03-31,m2_m1_spread,0.0906
2020-04-30,m2_m1_spread,0.0909
2020-05-31,m2_m1_spread,0.0909
2020-06-30,m2_m1_spread,0.0918
2020-07-31,m2_m1_spread,0.0911
2020-08-31,m2_m1_spread,0.0916
2020-09-30,m2_m1_spread,0.0921
2020-10-31,m2_m1_spread,0.0949
2020-11-30,m2_m1_spread,0.0941
2020-12-31,m2_m1_spread,0.0929
2021-01-31,m2_m1_spread,0.0924
2021-02-28,m2_m1_spread,0.0885
2021-03-31,m2_m1_spread,0.0882
2021-04-30,m2_m1_spread,0.0873
2021-05-31,m2_m1_spread,0.0833
2021-06-30,m2_m1_spread,0.0822
2021-07-31,m2_m1_spread,0.0815
2021-08-31,m2_m1_spread,0.0799
2021-09-30,m2_m1_spread,0.0759
2021-10-31,m2_m1_spread,0.0756
2021-11-30,m2_m1_spread,0.0747
2021-12-31,m2_m1_spread,0.074
2022-01-31,m2_m1_spread,0.0716
2022-02-28,m2_m1_spread,0.0714
2022-03-31,m2_m1_spread,0.0704
2022-04-30,m2_m1_spread,0.068
2022-05-31,m2_m1_spread,0.0671
2022-06-30,m2_m1_spread,0.064
2022-07-31,m2_m1_spread,0.0656
2022-08-31,m2_m1_spread,0.0656
2022-09-30,m2_m1_spread,0.064
2022-10-31,m2_m1_spread,0.0644
2022-11-30,m2_m1_spread,0.0629
2022-12-31,m2_m1_spread,0.0641
2023-01-31,m2_m1_spread,0.0643
2023-02-28,m2_m1_spread,0.0681
2023-03-31,m2_m1_spread,0.0689
2023-04-30,m2_m1_spread,0.0695
2023-05-31,m2_m1_spread,0.0692
2023-06-30,m2_m1_spread,0.0715
2023-07-31,m2_m1_spread,0.0746
2023-08-31,m2_m1_spread,0.0775
2023-09-30,m2_m1_spread,0.0797
2023-10-31,m2_m1_spread,0.0793
2023-11-30,m2_m1_spread,0.0813
2023-12-31,m2_m1_spread,0.0833
2024-01-31,m2_m1_spread,0.0845
2024-02-29,m2_m1_spread,0.088
2024-03-31,m2_m1_spread,0.0917
2024-04-30,m2_m1_spread,0.0936
2024-05-31,m2_m1_spread,0.0916
2024-06-30,m2_m1_spread,0.0938
2024-07-31,m2_m1_spread,0.0965
2024-08-31,m2_m1_spread,0.0961
2024-09-30,m2_m1_spread,0.0969
2024-10-31,m2_m1_spread,0.0985
2024-11-30,m2_m1_spread,0.0944
2024-12-31,m2_m1_spread,0.0921
2025-01-31,m2_m1_spread,0.0904
2025-02-28,m2_m1_spread,0.0917
2025-03-31,m2_m1_spread,0.0898
2025-04-30,m2_m1_spread,0.0897
2025-05-31,m2_m1_spread,0.0882
2025-06-30,m2_m1_spread,0.0887
2025-07-31,m2_m1_spread,0.086
2025-08-31,m2_m1_spread,0.0838
2025-09-30,m2_m1_spread,0.0819
2025-10-31,m2_m1_spread,0.08
2025-11-30,m2_m1_spread,0.0805
2025-12-31,m2_m1_spread,0.04
2026-01-31,m2_m1_spread,0.05
2026-02-28,m2_m1_spread,0.06
2026-03-31,m2_m1_spread,0.05
2026-04-30,m2_m1_spread,0.04
2026-05-31,m2_m1_spread,0.06
2026-06-30,m2_m1_spread,0.04
2015-01-31,tsf_yoy,-0.1071
2015-02-28,tsf_yoy,-0.0896
2015-03-31,tsf_yoy,-0.0981
2015-04-30,tsf_yoy,-0.082
2015-05-31,tsf_yoy,-0.074
2015-06-30,tsf_yoy,-0.1028
2015-07-31,tsf_yoy,-0.0739
2015-08-31,tsf_yoy,-0.0325
2015-09-30,tsf_yoy,-0.0086
2015-10-31,tsf_yoy,-0.0051
2015-11-30,tsf_yoy,0.0008
2015-12-31,tsf_yoy,0.0383
2016-01-31,tsf_yoy,0.0414
2016-02-29,tsf_yoy,0.0639
2016-03-31,tsf_yoy,0.0768
2016-04-30,tsf_yoy,0.0684
2016-05-31,tsf_yoy,0.0875
2016-06-30,tsf_yoy,0.079
2016-07-31,tsf_yoy,0.0845
2016-08-31,tsf_yoy,0.0979
2016-09-30,tsf_yoy,0.0906
2016-10-31,tsf_yoy,0.0705
2016-11-30,tsf_yoy,0.0433
2016-12-31,tsf_yoy,0.0519
2017-01-31,tsf_yoy,0.0048
2017-02-28,tsf_yoy,-0.0262
2017-03-31,tsf_yoy,-0.0346
2017-04-30,tsf_yoy,-0.0439
2017-05-31,tsf_yoy,-0.0483
2017-06-30,tsf_yoy,-0.0635
2017-07-31,tsf_yoy,-0.1133
2017-08-31,tsf_yoy,-0.1235
2017-09-30,tsf_yoy,-0.1298
2017-10-31,tsf_yoy,-0.141
2017-11-30,tsf_yoy,-0.1585
2017-12-31,tsf_yoy,-0.1812
2018-01-31,tsf_yoy,-0.2163
2018-02-28,tsf_yoy,-0.2558
2018-03-31,tsf_yoy,-0.2831
2018-04-30,tsf_yoy,-0.28
2018-05-31,tsf_yoy,-0.2734
2018-06-30,tsf_yoy,-0.2866
2018-07-31,tsf_yoy,-0.254
2018-08-31,tsf_yoy,-0.2401
2018-09-30,tsf_yoy,-0.2341
2018-10-31,tsf_yoy,-0.2371
2018-11-30,tsf_yoy,-0.2386
2018-12-31,tsf_yoy,-0.239
2019-01-31,tsf_yoy,-0.2587
2019-02-28,tsf_yoy,-0.2277
2019-03-31,tsf_yoy,-0.2072
2019-04-30,tsf_yoy,-0.1882
2019-05-31,tsf_yoy,-0.1633
2019-06-30,tsf_yoy,-0.1092
2019-07-31,tsf_yoy,-0.0818
2019-08-31,tsf_yoy,-0.052
2019-09-30,tsf_yoy,-0.0378
2019-10-31,tsf_yoy,-0.0416
2019-11-30,tsf_yoy,-0.0517
2019-12-31,tsf_yoy,-0.0202
2020-01-31,tsf_yoy,-0.0051
2020-02-29,tsf_yoy,-0.0157
2020-03-31,tsf_yoy,-0.0064
2020-04-30,tsf_yoy,-0.0036
2020-05-31,tsf_yoy,-0.0003
2020-06-30,tsf_yoy,-0.0001
2020-07-31,tsf_yoy,0.0201
2020-08-31,tsf_yoy,0.0578
2020-09-30,tsf_yoy,0.0565
2020-10-31,tsf_yoy,0.0456
2020-11-30,tsf_yoy,0.0373
2020-12-31,tsf_yoy,0.0351
2021-01-31,tsf_yoy,0.0208
2021-02-28,tsf_yoy,-0.0107
2021-03-31,tsf_yoy,-0.0329
2021-04-30,tsf_yoy,-0.0573
2021-05-31,tsf_yoy,-0.0607
2021-06-30,tsf_yoy,-0.0775
2021-07-31,tsf_yoy,-0.121
2021-08-31,tsf_yoy,-0.1342
2021-09-30,tsf_yoy,-0.1591
2021-10-31,tsf_yoy,-0.1762
2021-11-30,tsf_yoy,-0.1542
2021-12-31,tsf_yoy,-0.1724
2022-01-31,tsf_yoy,-0.1629
2022-02-28,tsf_yoy,-0.1964
2022-03-31,tsf_yoy,-0.2231
2022-04-30,tsf_yoy,-0.2461
2022-05-31,tsf_yoy,-0.2568
2022-06-30,tsf_yoy,-0.2561
2022-07-31,tsf_yoy,-0.2612
2022-08-31,tsf_yoy,-0.2775
2022-09-30,tsf_yoy,-0.2895
2022-10-31,tsf_yoy,-0.2837
2022-11-30,tsf_yoy,-0.2674
2022-12-31,tsf_yoy,-0.2844
2023-01-31,tsf_yoy,-0.2648
2023-02-28,tsf_yoy,-0.2627
2023-03-31,tsf_yoy,-0.2473
2023-04-30,tsf_yoy,-0.2382
2023-05-31,tsf_yoy,-0.2252
2023-06-30,tsf_yoy,-0.2021
2023-07-31,tsf_yoy,-0.1747
2023-08-31,tsf_yoy,-0.1469
2023-09-30,tsf_yoy,-0.1496
2023-10-31,tsf_yoy,-0.1362
2023-11-30,tsf_yoy,-0.1068
2023-12-31,tsf_yoy,-0.0654
2024-01-31,tsf_yoy,-0.0486
2024-02-29,tsf_yoy,-0.0464
2024-03-31,tsf_yoy,-0.0216
2024-04-30,tsf_yoy,-0.0038
2024-05-31,tsf_yoy,-0.0033
2024-06-30,tsf_yoy,-0.0003
2024-07-31,tsf_yoy,0.0482
2024-08-31,tsf_yoy,0.0359
2024-09-30,tsf_yoy,0.0333
2024-10-31,tsf_yoy,0.0257
2024-11-30,tsf_yoy,0.0371
2024-12-31,tsf_yoy,0.0459
2025-01-31,tsf_yoy,0.0738
2025-02-28,tsf_yoy,0.0785
2025-03-31,tsf_yoy,0.0626
2025-04-30,tsf_yoy,0.0443
2025-05-31,tsf_yoy,0.0183
2025-06-30,tsf_yoy,-0.0008
2025-07-31,tsf_yoy,-0.012
2025-08-31,tsf_yoy,-0.0433
2025-09-30,tsf_yoy,-0.0628
2025-10-31,tsf_yoy,-0.0831
2025-11-30,tsf_yoy,-0.0954
2025-12-31,tsf_yoy,-0.1
2026-01-31,tsf_yoy,-0.12
2026-02-28,tsf_yoy,-0.2
2026-03-31,tsf_yoy,-0.25
2026-04-30,tsf_yoy,-0.28
2026-05-31,tsf_yoy,-0.3
2026-06-30,tsf_yoy,-0.46
2015-01-31,cn_10y_yield,2.2382
2015-02-28,cn_10y_yield,2.2566
2015-03-31,cn_10y_yield,2.2516
2015-04-30,cn_10y_yield,2.2688
2015-05-31,cn_10y_yield,2.2712
2015-06-30,cn_10y_yield,2.28
2015-07-31,cn_10y_yield,2.285
2015-08-31,cn_10y_yield,2.2931
2015-09-30,cn_10y_yield,2.3068
2015-10-31,cn_10y_yield,2.301
2015-11-30,cn_10y_yield,2.3115
2015-12-31,cn_10y_yield,2.3187
2016-01-31,cn_10y_yield,2.333
2016-02-29,cn_10y_yield,2.3334
2016-03-31,cn_10y_yield,2.3328
2016-04-30,cn_10y_yield,2.3245
2016-05-31,cn_10y_yield,2.3263
2016-06-30,cn_10y_yield,2.331
2016-07-31,cn_10y_yield,2.3221
2016-08-31,cn_10y_yield,2.3096
2016-09-30,cn_10y_yield,2.3131
2016-10-31,cn_10y_yield,2.3042
2016-11-30,cn_10y_yield,2.3005
2016-12-31,cn_10y_yield,2.2962
2017-01-31,cn_10y_yield,2.2893
2017-02-28,cn_10y_yield,2.2857
2017-03-31,cn_10y_yield,2.2616
2017-04-30,cn_10y_yield,2.2618
2017-05-31,cn_10y_yield,2.2422
2017-06-30,cn_10y_yield,2.2412
2017-07-31,cn_10y_yield,2.2327
2017-08-31,cn_10y_yield,2.2147
2017-09-30,cn_10y_yield,2.2102
2017-10-31,cn_10y_yield,2.1986
2017-11-30,cn_10y_yield,2.1891
2017-12-31,cn_10y_yield,2.1796
2018-01-31,cn_10y_yield,2.1845
2018-02-28,cn_10y_yield,2.1805
2018-03-31,cn_10y_yield,2.188
2018-04-30,cn_10y_yield,2.1814
2018-05-31,cn_10y_yield,2.1857
2018-06-30,cn_10y_yield,2.1814
2018-07-31,cn_10y_yield,2.1764
2018-08-31,cn_10y_yield,2.1735
2018-09-30,cn_10y_yield,2.1785
2018-10-31,cn_10y_yield,2.1807
2018-11-30,cn_10y_yield,2.1808
2018-12-31,cn_10y_yield,2.1745
2019-01-31,cn_10y_yield,2.1852
2019-02-28,cn_10y_yield,2.2051
2019-03-31,cn_10y_yield,2.2023
2019-04-30,cn_10y_yield,2.2073
2019-05-31,cn_10y_yield,2.2086
2019-06-30,cn_10y_yield,2.2259
2019-07-31,cn_10y_yield,2.2376
2019-08-31,cn_10y_yield,2.2713
2019-09-30,cn_10y_yield,2.2759
2019-10-31,cn_10y_yield,2.2824
2019-11-30,cn_10y_yield,2.2915
2019-12-31,cn_10y_yield,2.3074
2020-01-31,cn_10y_yield,2.3155
2020-02-29,cn_10y_yield,2.3138
2020-03-31,cn_10y_yield,2.3284
2020-04-30,cn_10y_yield,2.343
2020-05-31,cn_10y_yield,2.3709
2020-06-30,cn_10y_yield,2.3804
2020-07-31,cn_10y_yield,2.3779
2020-08-31,cn_10y_yield,2.3648
2020-09-30,cn_10y_yield,2.3625
2020-10-31,cn_10y_yield,2.3648
2020-11-30,cn_10y_yield,2.3499
2020-12-31,cn_10y_yield,2.3367
2021-01-31,cn_10y_yield,2.3314
2021-02-28,cn_10y_yield,2.3159
2021-03-31,cn_10y_yield,2.3084
2021-04-30,cn_10y_yield,2.3144
2021-05-31,cn_10y_yield,2.3101
2021-06-30,cn_10y_yield,2.2991
2021-07-31,cn_10y_yield,2.2923
2021-08-31,cn_10y_yield,2.287
2021-09-30,cn_10y_yield,2.2574
2021-10-31,cn_10y_yield,2.2428
2021-11-30,cn_10y_yield,2.2352
2021-12-31,cn_10y_yield,2.2193
2022-01-31,cn_10y_yield,2.2069
2022-02-28,cn_10y_yield,2.2065
2022-03-31,cn_10y_yield,2.1862
2022-04-30,cn_10y_yield,2.1745
2022-05-31,cn_10y_yield,2.1769
2022-06-30,cn_10y_yield,2.1692
2022-07-31,cn_10y_yield,2.1711
2022-08-31,cn_10y_yield,2.169
2022-09-30,cn_10y_yield,2.1642
2022-10-31,cn_10y_yield,2.1657
2022-11-30,cn_10y_yield,2.1783
2022-12-31,cn_10y_yield,2.1787
2023-01-31,cn_10y_yield,2.1911
2023-02-28,cn_10y_yield,2.198
2023-03-31,cn_10y_yield,2.213
2023-04-30,cn_10y_yield,2.2235
2023-05-31,cn_10y_yield,2.2271
2023-06-30,cn_10y_yield,2.2416
2023-07-31,cn_10y_yield,2.2442
2023-08-31,cn_10y_yield,2.2551
2023-09-30,cn_10y_yield,2.2543
2023-10-31,cn_10y_yield,2.2725
2023-11-30,cn_10y_yield,2.2891
2023-12-31,cn_10y_yield,2.2883
2024-01-31,cn_10y_yield,2.298
2024-02-29,cn_10y_yield,2.3015
2024-03-31,cn_10y_yield,2.3108
2024-04-30,cn_10y_yield,2.3215
2024-05-31,cn_10y_yield,2.3209
2024-06-30,cn_10y_yield,2.3235
2024-07-31,cn_10y_yield,2.3163
2024-08-31,cn_10y_yield,2.34
2024-09-30,cn_10y_yield,2.3429
2024-10-31,cn_10y_yield,2.3432
2024-11-30,cn_10y_yield,2.3427
2024-12-31,cn_10y_yield,2.3317
2025-01-31,cn_10y_yield,2.3362
2025-02-28,cn_10y_yield,2.3367
2025-03-31,cn_10y_yield,2.3262
2025-04-30,cn_10y_yield,2.3004
2025-05-31,cn_10y_yield,2.3015
2025-06-30,cn_10y_yield,2.2868
2025-07-31,cn_10y_yield,2.2759
2025-08-31,cn_10y_yield,2.2649
2025-09-30,cn_10y_yield,2.2453
2025-10-31,cn_10y_yield,2.2399
2025-11-30,cn_10y_yield,2.2301
2025-12-31,cn_10y_yield,1.92
2026-01-31,cn_10y_yield,1.9
2026-02-28,cn_10y_yield,1.88
2026-03-31,cn_10y_yield,1.86
2026-04-30,cn_10y_yield,1.85
2026-05-31,cn_10y_yield,1.84
2026-06-30,cn_10y_yield,1.82
2015-01-31,us_1y_yield,3.1186
2015-02-28,us_1y_yield,3.1331
2015-03-31,us_1y_yield,3.1505
2015-04-30,us_1y_yield,3.1388
2015-05-31,us_1y_yield,3.1663
2015-06-30,us_1y_yield,3.1655
2015-07-31,us_1y_yield,3.1908
2015-08-31,us_1y_yield,3.2159
2015-09-30,us_1y_yield,3.2234
2015-10-31,us_1y_yield,3.2308
2015-11-30,us_1y_yield,3.2469
2015-12-31,us_1y_yield,3.2442
2016-01-31,us_1y_yield,3.264
2016-02-29,us_1y_yield,3.2481
2016-03-31,us_1y_yield,3.285
2016-04-30,us_1y_yield,3.2968
2016-05-31,us_1y_yield,3.3148
2016-06-30,us_1y_yield,3.2863
2016-07-31,us_1y_yield,3.2875
2016-08-31,us_1y_yield,3.2975
2016-09-30,us_1y_yield,3.2319
2016-10-31,us_1y_yield,3.2102
2016-11-30,us_1y_yield,3.1945
2016-12-31,us_1y_yield,3.1647
2017-01-31,us_1y_yield,3.1715
2017-02-28,us_1y_yield,3.1473
2017-03-31,us_1y_yield,3.1468
2017-04-30,us_1y_yield,3.148
2017-05-31,us_1y_yield,3.1362
2017-06-30,us_1y_yield,3.1545
2017-07-31,us_1y_yield,3.1258
2017-08-31,us_1y_yield,3.1001
2017-09-30,us_1y_yield,3.0553
2017-10-31,us_1y_yield,3.0692
2017-11-30,us_1y_yield,3.0653
2017-12-31,us_1y_yield,3.0497
2018-01-31,us_1y_yield,3.0308
2018-02-28,us_1y_yield,3.0235
2018-03-31,us_1y_yield,3.0175
2018-04-30,us_1y_yield,3.0257
2018-05-31,us_1y_yield,3.0095
2018-06-30,us_1y_yield,2.9899
2018-07-31,us_1y_yield,2.9611
2018-08-31,us_1y_yield,3.0049
2018-09-30,us_1y_yield,2.9822
2018-10-31,us_1y_yield,2.9824
2018-11-30,us_1y_yield,2.9765
2018-12-31,us_1y_yield,2.9417
2019-01-31,us_1y_yield,2.9398
2019-02-28,us_1y_yield,2.9874
2019-03-31,us_1y_yield,3.041
2019-04-30,us_1y_yield,3.0586
2019-05-31,us_1y_yield,3.0729
2019-06-30,us_1y_yield,3.0917
2019-07-31,us_1y_yield,3.1267
2019-08-31,us_1y_yield,3.1355
2019-09-30,us_1y_yield,3.1594
2019-10-31,us_1y_yield,3.1795
2019-11-30,us_1y_yield,3.1857
2019-12-31,us_1y_yield,3.197
2020-01-31,us_1y_yield,3.261
2020-02-29,us_1y_yield,3.2967
2020-03-31,us_1y_yield,3.3006
2020-04-30,us_1y_yield,3.3166
2020-05-31,us_1y_yield,3.2851
2020-06-30,us_1y_yield,3.2462
2020-07-31,us_1y_yield,3.2453
2020-08-31,us_1y_yield,3.2572
2020-09-30,us_1y_yield,3.2469
2020-10-31,us_1y_yield,3.2645
2020-11-30,us_1y_yield,3.2706
2020-12-31,us_1y_yield,3.2666
2021-01-31,us_1y_yield,3.2682
2021-02-28,us_1y_yield,3.2625
2021-03-31,us_1y_yield,3.2332
2021-04-30,us_1y_yield,3.2317
2021-05-31,us_1y_yield,3.2102
2021-06-30,us_1y_yield,3.2091
2021-07-31,us_1y_yield,3.1807
2021-08-31,us_1y_yield,3.1773
2021-09-30,us_1y_yield,3.1492
2021-10-31,us_1y_yield,3.0922
2021-11-30,us_1y_yield,3.0535
2021-12-31,us_1y_yield,3.0428
2022-01-31,us_1y_yield,2.9901
2022-02-28,us_1y_yield,2.9635
2022-03-31,us_1y_yield,2.9706
2022-04-30,us_1y_yield,2.9663
2022-05-31,us_1y_yield,2.9353
2022-06-30,us_1y_yield,2.9599
2022-07-31,us_1y_yield,2.9813
2022-08-31,us_1y_yield,2.9597
2022-09-30,us_1y_yield,2.9632
2022-10-31,us_1y_yield,2.9501
2022-11-30,us_1y_yield,2.9615
2022-12-31,us_1y_yield,2.9678
2023-01-31,us_1y_yield,2.9755
2023-02-28,us_1y_yield,2.9537
2023-03-31,us_1y_yield,2.9572
2023-04-30,us_1y_yield,2.9672
2023-05-31,us_1y_yield,2.9997
2023-06-30,us_1y_yield,3.0134
2023-07-31,us_1y_yield,3.0334
2023-08-31,us_1y_yield,3.0602
2023-09-30,us_1y_yield,3.0749
2023-10-31,us_1y_yield,3.0772
2023-11-30,us_1y_yield,3.1271
2023-12-31,us_1y_yield,3.1464
2024-01-31,us_1y_yield,3.2059
2024-02-29,us_1y_yield,3.2185
2024-03-31,us_1y_yield,3.2681
2024-04-30,us_1y_yield,3.2509
2024-05-31,us_1y_yield,3.2746
2024-06-30,us_1y_yield,3.2824
2024-07-31,us_1y_yield,3.3087
2024-08-31,us_1y_yield,3.3021
2024-09-30,us_1y_yield,3.3124
2024-10-31,us_1y_yield,3.3132
2024-11-30,us_1y_yield,3.3093
2024-12-31,us_1y_yield,3.3012
2025-01-31,us_1y_yield,3.3019
2025-02-28,us_1y_yield,3.2878
2025-03-31,us_1y_yield,3.278
2025-04-30,us_1y_yield,3.2332
2025-05-31,us_1y_yield,3.2155
2025-06-30,us_1y_yield,3.1991
2025-07-31,us_1y_yield,3.1916
2025-08-31,us_1y_yield,3.1846
2025-09-30,us_1y_yield,3.1299
2025-10-31,us_1y_yield,3.1021
2025-11-30,us_1y_yield,3.0745
2025-12-31,us_1y_yield,3.0
2026-01-31,us_1y_yield,3.1
2026-02-28,us_1y_yield,3.18
2026-03-31,us_1y_yield,3.22
2026-04-30,us_1y_yield,3.31
2026-05-31,us_1y_yield,3.4
2026-06-30,us_1y_yield,3.69
2015-01-31,cn_us_spread,2.1799
2015-02-28,cn_us_spread,2.1932
2015-03-31,cn_us_spread,2.1878
2015-04-30,cn_us_spread,2.1907
2015-05-31,cn_us_spread,2.2044
2015-06-30,cn_us_spread,2.226
2015-07-31,cn_us_spread,2.2235
2015-08-31,cn_us_spread,2.2418
2015-09-30,cn_us_spread,2.2612
2015-10-31,cn_us_spread,2.2684
2015-11-30,cn_us_spread,2.2721
2015-12-31,cn_us_spread,2.2634
2016-01-31,cn_us_spread,2.2702
2016-02-29,cn_us_spread,2.288
2016-03-31,cn_us_spread,2.2984
2016-04-30,cn_us_spread,2.3223
2016-05-31,cn_us_spread,2.3081
2016-06-30,cn_us_spread,2.31
2016-07-31,cn_us_spread,2.2978
2016-08-31,cn_us_spread,2.2839
2016-09-30,cn_us_spread,2.2777
2016-10-31,cn_us_spread,2.2712
2016-11-30,cn_us_spread,2.2595
2016-12-31,cn_us_spread,2.2866
2017-01-31,cn_us_spread,2.2854
2017-02-28,cn_us_spread,2.2672
2017-03-31,cn_us_spread,2.2532
2017-04-30,cn_us_spread,2.2569
2017-05-31,cn_us_spread,2.2517
2017-06-30,cn_us_spread,2.2409
2017-07-31,cn_us_spread,2.215
2017-08-31,cn_us_spread,2.1803
2017-09-30,cn_us_spread,2.1656
2017-10-31,cn_us_spread,2.1582
2017-11-30,cn_us_spread,2.1504
2017-12-31,cn_us_spread,2.1323
2018-01-31,cn_us_spread,2.1088
2018-02-28,cn_us_spread,2.1013
2018-03-31,cn_us_spread,2.0877
2018-04-30,cn_us_spread,2.0686
2018-05-31,cn_us_spread,2.0733
2018-06-30,cn_us_spread,2.0795
2018-07-31,cn_us_spread,2.0618
2018-08-31,cn_us_spread,2.0493
2018-09-30,cn_us_spread,2.0492
2018-10-31,cn_us_spread,2.0511
2018-11-30,cn_us_spread,2.0743
2018-12-31,cn_us_spread,2.0962
2019-01-31,cn_us_spread,2.0983
2019-02-28,cn_us_spread,2.1117
2019-03-31,cn_us_spread,2.1248
2019-04-30,cn_us_spread,2.138
2019-05-31,cn_us_spread,2.1561
2019-06-30,cn_us_spread,2.1649
2019-07-31,cn_us_spread,2.1769
2019-08-31,cn_us_spread,2.1811
2019-09-30,cn_us_spread,2.1808
2019-10-31,cn_us_spread,2.2129
2019-11-30,cn_us_spread,2.2197
2019-12-31,cn_us_spread,2.2339
2020-01-31,cn_us_spread,2.2549
2020-02-29,cn_us_spread,2.2737
2020-03-31,cn_us_spread,2.2706
2020-04-30,cn_us_spread,2.2944
2020-05-31,cn_us_spread,2.3115
2020-06-30,cn_us_spread,2.3253
2020-07-31,cn_us_spread,2.322
2020-08-31,cn_us_spread,2.3189
2020-09-30,cn_us_spread,2.3126
2020-10-31,cn_us_spread,2.3083
2020-11-30,cn_us_spread,2.3023
2020-12-31,cn_us_spread,2.2898
2021-01-31,cn_us_spread,2.2936
2021-02-28,cn_us_spread,2.2844
2021-03-31,cn_us_spread,2.2709
2021-04-30,cn_us_spread,2.256
2021-05-31,cn_us_spread,2.2606
2021-06-30,cn_us_spread,2.2537
2021-07-31,cn_us_spread,2.2474
2021-08-31,cn_us_spread,2.225
2021-09-30,cn_us_spread,2.2329
2021-10-31,cn_us_spread,2.2197
2021-11-30,cn_us_spread,2.2026
2021-12-31,cn_us_spread,2.1663
2022-01-31,cn_us_spread,2.1732
2022-02-28,cn_us_spread,2.1535
2022-03-31,cn_us_spread,2.1384
2022-04-30,cn_us_spread,2.1455
2022-05-31,cn_us_spread,2.1614
2022-06-30,cn_us_spread,2.134
2022-07-31,cn_us_spread,2.1236
2022-08-31,cn_us_spread,2.1309
2022-09-30,cn_us_spread,2.1167
2022-10-31,cn_us_spread,2.1092
2022-11-30,cn_us_spread,2.1032
2022-12-31,cn_us_spread,2.0905
2023-01-31,cn_us_spread,2.0992
2023-02-28,cn_us_spread,2.0954
2023-03-31,cn_us_spread,2.1134
2023-04-30,cn_us_spread,2.1184
2023-05-31,cn_us_spread,2.1344
2023-06-30,cn_us_spread,2.1199
2023-07-31,cn_us_spread,2.1368
2023-08-31,cn_us_spread,2.1488
2023-09-30,cn_us_spread,2.1586
2023-10-31,cn_us_spread,2.1726
2023-11-30,cn_us_spread,2.1819
2023-12-31,cn_us_spread,2.2041
2024-01-31,cn_us_spread,2.2094
2024-02-29,cn_us_spread,2.2411
2024-03-31,cn_us_spread,2.2499
2024-04-30,cn_us_spread,2.2638
2024-05-31,cn_us_spread,2.2899
2024-06-30,cn_us_spread,2.2839
2024-07-31,cn_us_spread,2.2993
2024-08-31,cn_us_spread,2.3032
2024-09-30,cn_us_spread,2.2959
2024-10-31,cn_us_spread,2.2984
2024-11-30,cn_us_spread,2.2879
2024-12-31,cn_us_spread,2.3031
2025-01-31,cn_us_spread,2.295
2025-02-28,cn_us_spread,2.2998
2025-03-31,cn_us_spread,2.2849
2025-04-30,cn_us_spread,2.2811
2025-05-31,cn_us_spread,2.2799
2025-06-30,cn_us_spread,2.2801
2025-07-31,cn_us_spread,2.2696
2025-08-31,cn_us_spread,2.2516
2025-09-30,cn_us_spread,2.2711
2025-10-31,cn_us_spread,2.2548
2025-11-30,cn_us_spread,2.2355
2025-12-31,cn_us_spread,2.35
2026-01-31,cn_us_spread,2.41
2026-02-28,cn_us_spread,2.46
2026-03-31,cn_us_spread,2.5
2026-04-30,cn_us_spread,2.53
2026-05-31,cn_us_spread,2.52
2026-06-30,cn_us_spread,2.51
